model,accuracy,precision,recall,f1,roc_auc,pr_auc
traditional_logistic_regression,0.8407593955831073,0.8027859237536656,0.8852061438965239,0.8419838523644751,0,0
traditional_naive_bayes,0.8221619527314994,0.7938066465256798,0.8496362166531932,0.8207731354939477,0,0
traditional_random_forest,0.8233242929097249,0.782766111513396,0.8738884397736459,0.8258212375859435,0,0
traditional_svm,0.8461836497481596,0.802158273381295,0.9013742926434923,0.8488770460601447,0,0
