{
  "accuracy": 0.8636187524215421,
  "precision": 0.8344671201814059,
  "recall": 0.8924818108326596,
  "f1": 0.8625,
  "classification_report": {
    "Reliable": {
      "precision": 0.8942766295707473,
      "recall": 0.8370535714285714,
      "f1-score": 0.8647194465795542,
      "support": 1344.0
    },
    "Misinformation": {
      "precision": 0.8344671201814059,
      "recall": 0.8924818108326596,
      "f1-score": 0.8625,
      "support": 1237.0
    },
    "accuracy": 0.8636187524215421,
    "macro avg": {
      "precision": 0.8643718748760766,
      "recall": 0.8647676911306155,
      "f1-score": 0.8636097232897771,
      "support": 2581.0
    },
    "weighted avg": {
      "precision": 0.8656116303012336,
      "recall": 0.8636187524215421,
      "f1-score": 0.8636557288659128,
      "support": 2581.0
    }
  },
  "roc_auc": 0.9365779102667745,
  "pr_auc": 0.9127789259791603
}