{
  "accuracy": 0.8233242929097249,
  "precision": 0.782766111513396,
  "recall": 0.8738884397736459,
  "f1": 0.8258212375859435,
  "classification_report": {
    "Reliable": {
      "precision": 0.87,
      "recall": 0.7767857142857143,
      "f1-score": 0.8207547169811321,
      "support": 1344.0
    },
    "Misinformation": {
      "precision": 0.782766111513396,
      "recall": 0.8738884397736459,
      "f1-score": 0.8258212375859435,
      "support": 1237.0
    },
    "accuracy": 0.8233242929097249,
    "macro avg": {
      "precision": 0.826383055756698,
      "recall": 0.8253370770296802,
      "f1-score": 0.8232879772835378,
      "support": 2581.0
    },
    "weighted avg": {
      "precision": 0.8281912746772844,
      "recall": 0.8233242929097249,
      "f1-score": 0.8231829564186183,
      "support": 2581.0
    }
  },
  "roc_auc": 0.8947181641452056,
  "pr_auc": 0.8598396539866198
}