{
  "accuracy": 0.7264626113909337,
  "precision": 0.8554216867469879,
  "recall": 0.5165723524656427,
  "f1": 0.6441532258064516,
  "classification_report": {
    "Reliable": {
      "precision": 0.6739367502726281,
      "recall": 0.9196428571428571,
      "f1-score": 0.7778477029578351,
      "support": 1344.0
    },
    "Misinformation": {
      "precision": 0.8554216867469879,
      "recall": 0.5165723524656427,
      "f1-score": 0.6441532258064516,
      "support": 1237.0
    },
    "accuracy": 0.7264626113909337,
    "macro avg": {
      "precision": 0.764679218509808,
      "recall": 0.7181076048042498,
      "f1-score": 0.7110004643821434,
      "support": 2581.0
    },
    "weighted avg": {
      "precision": 0.7609173261807193,
      "recall": 0.7264626113909337,
      "f1-score": 0.7137717369616082,
      "support": 2581.0
    }
  },
  "roc_auc": 0.71810760480425,
  "pr_auc": 0.8018435907027895
}