{
  "accuracy": 0.8461836497481596,
  "precision": 0.802158273381295,
  "recall": 0.9013742926434923,
  "f1": 0.8488770460601447,
  "classification_report": {
    "Reliable": {
      "precision": 0.8975650713685979,
      "recall": 0.7953869047619048,
      "f1-score": 0.8433925049309665,
      "support": 1344.0
    },
    "Misinformation": {
      "precision": 0.802158273381295,
      "recall": 0.9013742926434923,
      "f1-score": 0.8488770460601447,
      "support": 1237.0
    },
    "accuracy": 0.8461836497481596,
    "macro avg": {
      "precision": 0.8498616723749464,
      "recall": 0.8483805987026986,
      "f1-score": 0.8461347754955556,
      "support": 2581.0
    },
    "weighted avg": {
      "precision": 0.8518393026315604,
      "recall": 0.8461836497481596,
      "f1-score": 0.8460210897340634,
      "support": 2581.0
    }
  },
  "roc_auc": 0.9134961937483157,
  "pr_auc": 0.8866328992540501
}