{
  "accuracy": 0.8221619527314994,
  "precision": 0.7938066465256798,
  "recall": 0.8496362166531932,
  "f1": 0.8207731354939477,
  "classification_report": {
    "Reliable": {
      "precision": 0.8520286396181385,
      "recall": 0.796875,
      "f1-score": 0.8235294117647058,
      "support": 1344.0
    },
    "Misinformation": {
      "precision": 0.7938066465256798,
      "recall": 0.8496362166531932,
      "f1-score": 0.8207731354939477,
      "support": 1237.0
    },
    "accuracy": 0.8221619527314994,
    "macro avg": {
      "precision": 0.8229176430719092,
      "recall": 0.8232556083265966,
      "f1-score": 0.8221512736293268,
      "support": 2581.0
    },
    "weighted avg": {
      "precision": 0.8241244918245036,
      "recall": 0.8221619527314994,
      "f1-score": 0.8222084068259503,
      "support": 2581.0
    }
  },
  "roc_auc": 0.8969731637602494,
  "pr_auc": 0.8633649655106241
}