model,accuracy,precision,recall,f1,roc_auc,pr_auc
transformer_bert-base-uncased,0.868268113134444,0.824295010845987,0.9215844785772029,0.8702290076335878,0,0
transformer_roberta-base,0.8690430065865944,0.8503507404520655,0.8819725141471302,0.8658730158730159,0,0
