{
  "accuracy": 0.7024409143742736,
  "precision": 0.880064829821718,
  "recall": 0.43896523848019403,
  "f1": 0.5857605177993528,
  "classification_report": {
    "Reliable": {
      "precision": 0.6466395112016293,
      "recall": 0.9449404761904762,
      "f1-score": 0.7678355501813785,
      "support": 1344.0
    },
    "Misinformation": {
      "precision": 0.880064829821718,
      "recall": 0.43896523848019403,
      "f1-score": 0.5857605177993528,
      "support": 1237.0
    },
    "accuracy": 0.7024409143742736,
    "macro avg": {
      "precision": 0.7633521705116737,
      "recall": 0.6919528573353351,
      "f1-score": 0.6767980339903656,
      "support": 2581.0
    },
    "weighted avg": {
      "precision": 0.758513637173365,
      "recall": 0.7024409143742736,
      "f1-score": 0.6805721580633755,
      "support": 2581.0
    }
  },
  "roc_auc": 0.6919528573353351,
  "pr_auc": 0.7939590480990382
}