{
  "accuracy": 0.8407593955831073,
  "precision": 0.8027859237536656,
  "recall": 0.8852061438965239,
  "f1": 0.8419838523644751,
  "classification_report": {
    "Reliable": {
      "precision": 0.8833196384552178,
      "recall": 0.7998511904761905,
      "f1-score": 0.8395158141351035,
      "support": 1344.0
    },
    "Misinformation": {
      "precision": 0.8027859237536656,
      "recall": 0.8852061438965239,
      "f1-score": 0.8419838523644751,
      "support": 1237.0
    },
    "accuracy": 0.8407593955831073,
    "macro avg": {
      "precision": 0.8430527811044417,
      "recall": 0.8425286671863572,
      "f1-score": 0.8407498332497894,
      "support": 2581.0
    },
    "weighted avg": {
      "precision": 0.8447221161437805,
      "recall": 0.8407593955831073,
      "f1-score": 0.840698674766538,
      "support": 2581.0
    }
  },
  "roc_auc": 0.9121795241944797,
  "pr_auc": 0.8905578712541915
}