{
  "accuracy": 0.6853932584269663,
  "precision": 0.8828828828828829,
  "recall": 0.39611964430072755,
  "f1": 0.546875,
  "classification_report": {
    "Reliable": {
      "precision": 0.6312931885488647,
      "recall": 0.9516369047619048,
      "f1-score": 0.7590504451038576,
      "support": 1344.0
    },
    "Misinformation": {
      "precision": 0.8828828828828829,
      "recall": 0.39611964430072755,
      "f1-score": 0.546875,
      "support": 1237.0
    },
    "accuracy": 0.6853932584269663,
    "macro avg": {
      "precision": 0.7570880357158738,
      "recall": 0.6738782745313161,
      "f1-score": 0.6529627225519288,
      "support": 2581.0
    },
    "weighted avg": {
      "precision": 0.7518729839348316,
      "recall": 0.6853932584269663,
      "f1-score": 0.6573607800153369,
      "support": 2581.0
    }
  },
  "roc_auc": 0.6738782745313161,
  "pr_auc": 0.7842126157808792
}