category,sample_count,baseline_accuracy,rag_accuracy,accuracy_diff,baseline_f1,rag_f1,f1_diff,both_correct_pct,both_incorrect_pct,only_baseline_correct_pct,only_rag_correct_pct
treatment,68,0.8970588235294118,0.9264705882352942,0.02941176470588236,0.9230769230769231,0.945054945054945,0.0219780219780219,0.8970588235294118,0.07352941176470588,0.0,0.029411764705882353
symptoms,39,0.7692307692307693,0.7948717948717948,0.02564102564102555,0.64,0.6666666666666666,0.026666666666666616,0.7435897435897436,0.1794871794871795,0.02564102564102564,0.05128205128205128
lockdown,92,0.8586956521739131,0.8695652173913043,0.010869565217391242,0.8539325842696629,0.8604651162790697,0.006532532009406844,0.8043478260869565,0.07608695652173914,0.05434782608695652,0.06521739130434782
conspiracy,17,0.9411764705882353,0.9411764705882353,0.0,0.9696969696969697,0.9696969696969697,0.0,0.9411764705882353,0.058823529411764705,0.0,0.0
masks,50,0.84,0.84,0.0,0.8571428571428571,0.8518518518518519,-0.005291005291005235,0.8,0.12,0.04,0.04
other,811,0.8840937114673243,0.8816276202219482,-0.002466091245376112,0.875,0.8681318681318682,-0.006868131868131844,0.8520345252774353,0.08631319358816276,0.032059186189889025,0.029593094944512947
origin,80,0.6875,0.675,-0.012499999999999956,0.7787610619469026,0.7547169811320755,-0.024044080814827118,0.6375,0.275,0.05,0.0375
transmission,67,0.835820895522388,0.8059701492537313,-0.02985074626865669,0.7843137254901961,0.7346938775510204,-0.04961984793917562,0.7761194029850746,0.13432835820895522,0.05970149253731343,0.029850746268656716
vaccine,66,0.8181818181818182,0.7727272727272727,-0.045454545454545525,0.8461538461538461,0.8051948051948052,-0.040959040959040904,0.7727272727272727,0.18181818181818182,0.045454545454545456,0.0
