{
  "accuracy": 0.684618364974816,
  "precision": 0.8770053475935828,
  "recall": 0.39773645917542444,
  "f1": 0.5472747497219133,
  "classification_report": {
    "Reliable": {
      "precision": 0.6311881188118812,
      "recall": 0.9486607142857143,
      "f1-score": 0.7580261593341261,
      "support": 1344.0
    },
    "Misinformation": {
      "precision": 0.8770053475935828,
      "recall": 0.39773645917542444,
      "f1-score": 0.5472747497219133,
      "support": 1237.0
    },
    "accuracy": 0.684618364974816,
    "macro avg": {
      "precision": 0.754096733202732,
      "recall": 0.6731985867305694,
      "f1-score": 0.6526504545280196,
      "support": 2581.0
    },
    "weighted avg": {
      "precision": 0.7490013353957498,
      "recall": 0.684618364974816,
      "f1-score": 0.6570189940143635,
      "support": 2581.0
    }
  },
  "roc_auc": 0.6731985867305694,
  "pr_auc": 0.7816948088475025
}